sample,T_C,H2OT-eq_wtpc,CO2T-eq_ppmw,ST_ppmw,X_ppmw,SCSS_ppm,sulfide saturated,P_bar_sulf,fO2_DFMQ_sulf,fO2_bar_sulf,Fe3+/FeT_sulf,S6+/ST_sulf,SCAS_ppm,anhydrite saturated,P_bar_anh,fO2_DFMQ_anh,fO2_bar_anh,Fe3+/FeT_anh,S6+/ST_anh,setup opt,COH_species opt,H2S_m opt,species X opt,Hspeciation opt,fO2 opt,NNObuffer opt,FMQbuffer opt,carbon dioxide opt,water opt,hydrogen opt,sulfide opt,sulfate opt,hydrogen sulfide opt,methane opt,carbon monoxide opt,species X solubility opt,Cspeccomp opt,Hspeccomp opt,SCSS opt,SCAS opt,sulfur_saturation opt,sulfur_is_sat opt,graphite_saturation opt,ideal_gas opt,y_CO2 opt,y_SO2 opt,y_H2S opt,y_H2 opt,y_O2 opt,y_S2 opt,y_CO opt,y_CH4 opt,y_H2O opt,y_OCS opt,y_X opt,KHOg opt,KHOSg opt,KOSg opt,KOSg2 opt,KCOg opt,KCOHg opt,KOCSg opt,KCOs opt,carbonylsulfide opt,density opt,Date
TN273-01D-01-01,1037.2787323153793,1.8799999999999997,13.0,362.83,0.0,488.10439241259064,False,,,,,,2350.0504159718116,False,,,,,,False,yes_H2_CO_CH4_melt,True,Ar,none,Kress91A,Frost91,Frost91,MORB_Dixon95,Basalt_Hughes24,Basalt_Hughes24,ONeill21dil,ONeill22dil,Basalt_Hughes24,Basalt_Ardia13,Basalt_Hughes24,Ar_Basalt_HughesIP,Basalt,MORB_HughesIP,ONeill21hyd,Zajacz19_pss,False,no,False,False,Shi92,Shi92_Hughes23,Shi92_Hughes24,Shaw64,Shi92,Shi92,Shi92,Shi92,Holland91,Shi92,ideal,Ohmoto97,Ohmoto97,Ohmoto97,ONeill22,Ohmoto97,Ohmoto97,Moussallam19,Holloway92,COS,DensityX,2025-09-09 16:22:51.406482
TN273-02D-01-02,1052.7051973135244,1.6099999999999999,31.0,314.04,0.0,537.9048141962325,False,,,,,,2485.710083560269,False,,,,,,False,yes_H2_CO_CH4_melt,True,Ar,none,Kress91A,Frost91,Frost91,MORB_Dixon95,Basalt_Hughes24,Basalt_Hughes24,ONeill21dil,ONeill22dil,Basalt_Hughes24,Basalt_Ardia13,Basalt_Hughes24,Ar_Basalt_HughesIP,Basalt,MORB_HughesIP,ONeill21hyd,Zajacz19_pss,False,no,False,False,Shi92,Shi92_Hughes23,Shi92_Hughes24,Shaw64,Shi92,Shi92,Shi92,Shi92,Holland91,Shi92,ideal,Ohmoto97,Ohmoto97,Ohmoto97,ONeill22,Ohmoto97,Ohmoto97,Moussallam19,Holloway92,COS,DensityX,2025-09-09 16:22:51.417844
Agr07-4,1062.8444915334949,5.993023892722997,188.59392610371057,1080.13,0.0,571.7188183821431,possible,3174.8209403655683,1.4358029940614099,4.44005677911741e-09,0.2577468726512093,0.4706944364269643,5595.512711048237,False,,,,,,False,yes_H2_CO_CH4_melt,True,Ar,none,Kress91A,Frost91,Frost91,MORB_Dixon95,Basalt_Hughes24,Basalt_Hughes24,ONeill21dil,ONeill22dil,Basalt_Hughes24,Basalt_Ardia13,Basalt_Hughes24,Ar_Basalt_HughesIP,Basalt,MORB_HughesIP,ONeill21hyd,Zajacz19_pss,False,no,False,False,Shi92,Shi92_Hughes23,Shi92_Hughes24,Shaw64,Shi92,Shi92,Shi92,Shi92,Holland91,Shi92,ideal,Ohmoto97,Ohmoto97,Ohmoto97,ONeill22,Ohmoto97,Ohmoto97,Moussallam19,Holloway92,COS,DensityX,2025-09-09 16:22:52.269385
Agr07-9,1057.7825866585686,4.375961324960445,369.90113770597725,830.67,0.0,593.1902535664777,possible,2289.174322445264,1.1816379349837707,1.776544750616176e-09,0.24242021349311385,0.28588939823699205,4635.354024719159,False,,,,,,False,yes_H2_CO_CH4_melt,True,Ar,none,Kress91A,Frost91,Frost91,MORB_Dixon95,Basalt_Hughes24,Basalt_Hughes24,ONeill21dil,ONeill22dil,Basalt_Hughes24,Basalt_Ardia13,Basalt_Hughes24,Ar_Basalt_HughesIP,Basalt,MORB_HughesIP,ONeill21hyd,Zajacz19_pss,False,no,False,False,Shi92,Shi92_Hughes23,Shi92_Hughes24,Shaw64,Shi92,Shi92,Shi92,Shi92,Holland91,Shi92,ideal,Ohmoto97,Ohmoto97,Ohmoto97,ONeill22,Ohmoto97,Ohmoto97,Moussallam19,Holloway92,COS,DensityX,2025-09-09 16:22:53.304884
Agr07-15A,1104.6530033732543,3.4759351061486568,447.3743318248327,1352.27,0.0,852.3101444047411,possible,1959.0448956148914,1.160132954793708,6.8664918756242965e-09,0.23470133396846646,0.3697189581927122,5461.8899950795785,False,,,,,,False,yes_H2_CO_CH4_melt,True,Ar,none,Kress91A,Frost91,Frost91,MORB_Dixon95,Basalt_Hughes24,Basalt_Hughes24,ONeill21dil,ONeill22dil,Basalt_Hughes24,Basalt_Ardia13,Basalt_Hughes24,Ar_Basalt_HughesIP,Basalt,MORB_HughesIP,ONeill21hyd,Zajacz19_pss,False,no,False,False,Shi92,Shi92_Hughes23,Shi92_Hughes24,Shaw64,Shi92,Shi92,Shi92,Shi92,Holland91,Shi92,ideal,Ohmoto97,Ohmoto97,Ohmoto97,ONeill22,Ohmoto97,Ohmoto97,Moussallam19,Holloway92,COS,DensityX,2025-09-09 16:22:54.423521
Agr07-15B,1101.716349912108,3.3965660567173006,206.2875273599535,1369.75,0.0,832.2183699849804,possible,1492.2502749695589,1.2110707759345924,6.482665242236886e-09,0.24098522213417872,0.3924304654243619,5296.746024572688,False,,,,,,False,yes_H2_CO_CH4_melt,True,Ar,none,Kress91A,Frost91,Frost91,MORB_Dixon95,Basalt_Hughes24,Basalt_Hughes24,ONeill21dil,ONeill22dil,Basalt_Hughes24,Basalt_Ardia13,Basalt_Hughes24,Ar_Basalt_HughesIP,Basalt,MORB_HughesIP,ONeill21hyd,Zajacz19_pss,False,no,False,False,Shi92,Shi92_Hughes23,Shi92_Hughes24,Shaw64,Shi92,Shi92,Shi92,Shi92,Holland91,Shi92,ideal,Ohmoto97,Ohmoto97,Ohmoto97,ONeill22,Ohmoto97,Ohmoto97,Moussallam19,Holloway92,COS,DensityX,2025-09-09 16:22:55.440135
Agr04-13,1078.1500899055172,3.448885682201768,403.7328265715147,976.9,0.0,616.9892628022543,possible,1814.7476327086652,1.2078865734268494,3.300385970133941e-09,0.23724302585890988,0.36842126850009793,4172.602518524909,False,,,,,,False,yes_H2_CO_CH4_melt,True,Ar,none,Kress91A,Frost91,Frost91,MORB_Dixon95,Basalt_Hughes24,Basalt_Hughes24,ONeill21dil,ONeill22dil,Basalt_Hughes24,Basalt_Ardia13,Basalt_Hughes24,Ar_Basalt_HughesIP,Basalt,MORB_HughesIP,ONeill21hyd,Zajacz19_pss,False,no,False,False,Shi92,Shi92_Hughes23,Shi92_Hughes24,Shaw64,Shi92,Shi92,Shi92,Shi92,Holland91,Shi92,ideal,Ohmoto97,Ohmoto97,Ohmoto97,ONeill22,Ohmoto97,Ohmoto97,Moussallam19,Holloway92,COS,DensityX,2025-09-09 16:22:56.545053
Agr04-14,1097.7832279402655,1.9474004428437206,141.46980943167824,1486.77,0.0,894.0012043879145,possible,743.9317221711718,1.160662707343791,4.459397959358157e-09,0.23355474899555798,0.3986956930877576,4561.368848501399,False,,,,,,False,yes_H2_CO_CH4_melt,True,Ar,none,Kress91A,Frost91,Frost91,MORB_Dixon95,Basalt_Hughes24,Basalt_Hughes24,ONeill21dil,ONeill22dil,Basalt_Hughes24,Basalt_Ardia13,Basalt_Hughes24,Ar_Basalt_HughesIP,Basalt,MORB_HughesIP,ONeill21hyd,Zajacz19_pss,False,no,False,False,Shi92,Shi92_Hughes23,Shi92_Hughes24,Shaw64,Shi92,Shi92,Shi92,Shi92,Holland91,Shi92,ideal,Ohmoto97,Ohmoto97,Ohmoto97,ONeill22,Ohmoto97,Ohmoto97,Moussallam19,Holloway92,COS,DensityX,2025-09-09 16:22:57.611546
AGR19-02-4,1055.3635715078708,3.229089288225039,627.0539015461771,1170.0,0.0,762.554219220084,possible,2108.9413236532423,1.1577595788447432,1.5023974319755474e-09,0.24364836570992507,0.34824425707685136,4362.500065155768,False,,,,,,False,yes_H2_CO_CH4_melt,True,Ar,none,Kress91A,Frost91,Frost91,MORB_Dixon95,Basalt_Hughes24,Basalt_Hughes24,ONeill21dil,ONeill22dil,Basalt_Hughes24,Basalt_Ardia13,Basalt_Hughes24,Ar_Basalt_HughesIP,Basalt,MORB_HughesIP,ONeill21hyd,Zajacz19_pss,False,no,False,False,Shi92,Shi92_Hughes23,Shi92_Hughes24,Shaw64,Shi92,Shi92,Shi92,Shi92,Holland91,Shi92,ideal,Ohmoto97,Ohmoto97,Ohmoto97,ONeill22,Ohmoto97,Ohmoto97,Moussallam19,Holloway92,COS,DensityX,2025-09-09 16:22:58.679810
AGR19-02-7,1058.0056415421686,2.7027574702478168,141.58702081900054,1404.0,0.0,774.2393460261283,possible,1012.6104039369628,1.2660582374623708,1.7046514120162492e-09,0.2570077944796532,0.4485474743403645,4169.680431313943,False,,,,,,False,yes_H2_CO_CH4_melt,True,Ar,none,Kress91A,Frost91,Frost91,MORB_Dixon95,Basalt_Hughes24,Basalt_Hughes24,ONeill21dil,ONeill22dil,Basalt_Hughes24,Basalt_Ardia13,Basalt_Hughes24,Ar_Basalt_HughesIP,Basalt,MORB_HughesIP,ONeill21hyd,Zajacz19_pss,False,no,False,False,Shi92,Shi92_Hughes23,Shi92_Hughes24,Shaw64,Shi92,Shi92,Shi92,Shi92,Holland91,Shi92,ideal,Ohmoto97,Ohmoto97,Ohmoto97,ONeill22,Ohmoto97,Ohmoto97,Moussallam19,Holloway92,COS,DensityX,2025-09-09 16:22:59.407836
AGR19-02-10,1038.100049002359,4.536199983186435,484.10812503844573,1577.0,0.0,587.5562352507035,possible,2618.5402308272446,1.5265788111013112,2.1975822714510917e-09,0.27220814855587283,0.6274215375708918,4442.856872045988,False,,,,,,False,yes_H2_CO_CH4_melt,True,Ar,none,Kress91A,Frost91,Frost91,MORB_Dixon95,Basalt_Hughes24,Basalt_Hughes24,ONeill21dil,ONeill22dil,Basalt_Hughes24,Basalt_Ardia13,Basalt_Hughes24,Ar_Basalt_HughesIP,Basalt,MORB_HughesIP,ONeill21hyd,Zajacz19_pss,False,no,False,False,Shi92,Shi92_Hughes23,Shi92_Hughes24,Shaw64,Shi92,Shi92,Shi92,Shi92,Holland91,Shi92,ideal,Ohmoto97,Ohmoto97,Ohmoto97,ONeill22,Ohmoto97,Ohmoto97,Moussallam19,Holloway92,COS,DensityX,2025-09-09 16:23:00.628027
AGR19-02-11,1053.7821773518494,3.4683487368798214,417.8151780494074,1117.0,0.0,689.6612791718292,possible,1873.150285698238,1.2362348584970118,1.6345884558473798e-09,0.24736786295034607,0.38257718964026033,4316.055351857851,False,,,,,,False,yes_H2_CO_CH4_melt,True,Ar,none,Kress91A,Frost91,Frost91,MORB_Dixon95,Basalt_Hughes24,Basalt_Hughes24,ONeill21dil,ONeill22dil,Basalt_Hughes24,Basalt_Ardia13,Basalt_Hughes24,Ar_Basalt_HughesIP,Basalt,MORB_HughesIP,ONeill21hyd,Zajacz19_pss,False,no,False,False,Shi92,Shi92_Hughes23,Shi92_Hughes24,Shaw64,Shi92,Shi92,Shi92,Shi92,Holland91,Shi92,ideal,Ohmoto97,Ohmoto97,Ohmoto97,ONeill22,Ohmoto97,Ohmoto97,Moussallam19,Holloway92,COS,DensityX,2025-09-09 16:23:01.574899
AGR19-02-12B,1044.999944222196,2.9817301429896856,429.87360695287015,1453.0,0.0,786.5308923341001,possible,1678.948709718079,1.2981058240207233,1.3617530429189317e-09,0.2575393853188147,0.45868486418850646,4087.5351716559776,False,,,,,,False,yes_H2_CO_CH4_melt,True,Ar,none,Kress91A,Frost91,Frost91,MORB_Dixon95,Basalt_Hughes24,Basalt_Hughes24,ONeill21dil,ONeill22dil,Basalt_Hughes24,Basalt_Ardia13,Basalt_Hughes24,Ar_Basalt_HughesIP,Basalt,MORB_HughesIP,ONeill21hyd,Zajacz19_pss,False,no,False,False,Shi92,Shi92_Hughes23,Shi92_Hughes24,Shaw64,Shi92,Shi92,Shi92,Shi92,Holland91,Shi92,ideal,Ohmoto97,Ohmoto97,Ohmoto97,ONeill22,Ohmoto97,Ohmoto97,Moussallam19,Holloway92,COS,DensityX,2025-09-09 16:23:02.408296
AGR19-02-13,1054.4253043951144,3.2799853859374393,130.6025284517204,1007.0000000000001,0.0,726.3485443905212,possible,1252.2923084963004,1.204469635342523,1.378120697091781e-09,0.242388957593088,0.2787005517472481,4100.036992145969,False,,,,,,False,yes_H2_CO_CH4_melt,True,Ar,none,Kress91A,Frost91,Frost91,MORB_Dixon95,Basalt_Hughes24,Basalt_Hughes24,ONeill21dil,ONeill22dil,Basalt_Hughes24,Basalt_Ardia13,Basalt_Hughes24,Ar_Basalt_HughesIP,Basalt,MORB_HughesIP,ONeill21hyd,Zajacz19_pss,False,no,False,False,Shi92,Shi92_Hughes23,Shi92_Hughes24,Shaw64,Shi92,Shi92,Shi92,Shi92,Holland91,Shi92,ideal,Ohmoto97,Ohmoto97,Ohmoto97,ONeill22,Ohmoto97,Ohmoto97,Moussallam19,Holloway92,COS,DensityX,2025-09-09 16:23:03.265042
AGR19-02-14,1078.2318904973836,3.606900945099191,455.5768801029755,1182.0,0.0,738.2852100003654,possible,2020.8889719906592,1.2147286210835926,3.4938282305820534e-09,0.23683278181428594,0.37539322334994474,4849.447178723905,False,,,,,,False,yes_H2_CO_CH4_melt,True,Ar,none,Kress91A,Frost91,Frost91,MORB_Dixon95,Basalt_Hughes24,Basalt_Hughes24,ONeill21dil,ONeill22dil,Basalt_Hughes24,Basalt_Ardia13,Basalt_Hughes24,Ar_Basalt_HughesIP,Basalt,MORB_HughesIP,ONeill21hyd,Zajacz19_pss,False,no,False,False,Shi92,Shi92_Hughes23,Shi92_Hughes24,Shaw64,Shi92,Shi92,Shi92,Shi92,Holland91,Shi92,ideal,Ohmoto97,Ohmoto97,Ohmoto97,ONeill22,Ohmoto97,Ohmoto97,Moussallam19,Holloway92,COS,DensityX,2025-09-09 16:23:04.309613
AGR19-02-15,1038.0726977327927,4.2260091381084095,900.927680262945,1300.0,0.0,654.1890650651553,possible,3039.6836715903146,1.3230624202488723,1.4906109748761599e-09,0.26072636819919426,0.4967776422575728,4530.4238416615635,False,,,,,,False,yes_H2_CO_CH4_melt,True,Ar,none,Kress91A,Frost91,Frost91,MORB_Dixon95,Basalt_Hughes24,Basalt_Hughes24,ONeill21dil,ONeill22dil,Basalt_Hughes24,Basalt_Ardia13,Basalt_Hughes24,Ar_Basalt_HughesIP,Basalt,MORB_HughesIP,ONeill21hyd,Zajacz19_pss,False,no,False,False,Shi92,Shi92_Hughes23,Shi92_Hughes24,Shaw64,Shi92,Shi92,Shi92,Shi92,Holland91,Shi92,ideal,Ohmoto97,Ohmoto97,Ohmoto97,ONeill22,Ohmoto97,Ohmoto97,Moussallam19,Holloway92,COS,DensityX,2025-09-09 16:23:05.598760
AGR19-02-16,1080.4185738111296,4.333395919752757,547.5241927063878,1517.0,0.0,754.552329948644,possible,2610.7404487285135,1.3278751755423173,5.421492438590632e-09,0.2511605571180349,0.5026022874432142,5403.083094549608,False,,,,,,False,yes_H2_CO_CH4_melt,True,Ar,none,Kress91A,Frost91,Frost91,MORB_Dixon95,Basalt_Hughes24,Basalt_Hughes24,ONeill21dil,ONeill22dil,Basalt_Hughes24,Basalt_Ardia13,Basalt_Hughes24,Ar_Basalt_HughesIP,Basalt,MORB_HughesIP,ONeill21hyd,Zajacz19_pss,False,no,False,False,Shi92,Shi92_Hughes23,Shi92_Hughes24,Shaw64,Shi92,Shi92,Shi92,Shi92,Holland91,Shi92,ideal,Ohmoto97,Ohmoto97,Ohmoto97,ONeill22,Ohmoto97,Ohmoto97,Moussallam19,Holloway92,COS,DensityX,2025-09-09 16:23:06.724656
AGR19-02-17,1033.7458669786151,4.189179534964629,399.1792053152592,1010.0,0.0,513.0546274114654,possible,2228.6567691461287,1.4307334555834679,1.4133483639883212e-09,0.26315305680126444,0.4920251213747867,3707.546604497839,False,,,,,,False,yes_H2_CO_CH4_melt,True,Ar,none,Kress91A,Frost91,Frost91,MORB_Dixon95,Basalt_Hughes24,Basalt_Hughes24,ONeill21dil,ONeill22dil,Basalt_Hughes24,Basalt_Ardia13,Basalt_Hughes24,Ar_Basalt_HughesIP,Basalt,MORB_HughesIP,ONeill21hyd,Zajacz19_pss,False,no,False,False,Shi92,Shi92_Hughes23,Shi92_Hughes24,Shaw64,Shi92,Shi92,Shi92,Shi92,Holland91,Shi92,ideal,Ohmoto97,Ohmoto97,Ohmoto97,ONeill22,Ohmoto97,Ohmoto97,Moussallam19,Holloway92,COS,DensityX,2025-09-09 16:23:07.731022
Ala02-1,1117.1213741592155,3.9812069006573156,208.09952306178582,1005.3500000000001,0.0,780.0585563647788,possible,1779.120227257733,1.036204526238759,7.253101414924155e-09,0.21925943915957524,0.2240925485007423,6404.0690491802625,False,,,,,,False,yes_H2_CO_CH4_melt,True,Ar,none,Kress91A,Frost91,Frost91,MORB_Dixon95,Basalt_Hughes24,Basalt_Hughes24,ONeill21dil,ONeill22dil,Basalt_Hughes24,Basalt_Ardia13,Basalt_Hughes24,Ar_Basalt_HughesIP,Basalt,MORB_HughesIP,ONeill21hyd,Zajacz19_pss,False,no,False,False,Shi92,Shi92_Hughes23,Shi92_Hughes24,Shaw64,Shi92,Shi92,Shi92,Shi92,Holland91,Shi92,ideal,Ohmoto97,Ohmoto97,Ohmoto97,ONeill22,Ohmoto97,Ohmoto97,Moussallam19,Holloway92,COS,DensityX,2025-09-09 16:23:08.759174
Ala02-2,1104.3996496194814,3.1,182.0,576.95,0.0,658.9999544181566,False,,,,,,4749.578174853176,False,,,,,,False,yes_H2_CO_CH4_melt,True,Ar,none,Kress91A,Frost91,Frost91,MORB_Dixon95,Basalt_Hughes24,Basalt_Hughes24,ONeill21dil,ONeill22dil,Basalt_Hughes24,Basalt_Ardia13,Basalt_Hughes24,Ar_Basalt_HughesIP,Basalt,MORB_HughesIP,ONeill21hyd,Zajacz19_pss,False,no,False,False,Shi92,Shi92_Hughes23,Shi92_Hughes24,Shaw64,Shi92,Shi92,Shi92,Shi92,Holland91,Shi92,ideal,Ohmoto97,Ohmoto97,Ohmoto97,ONeill22,Ohmoto97,Ohmoto97,Moussallam19,Holloway92,COS,DensityX,2025-09-09 16:23:08.771530
Ala02-3,1087.6684920958728,3.8561005467601355,450.77222766114716,664.49,0.0,604.3487513663121,possible,2074.936533529052,0.827148061373272,1.9396764862080816e-09,0.202507621658334,0.09050737954474553,4802.288867326074,False,,,,,,False,yes_H2_CO_CH4_melt,True,Ar,none,Kress91A,Frost91,Frost91,MORB_Dixon95,Basalt_Hughes24,Basalt_Hughes24,ONeill21dil,ONeill22dil,Basalt_Hughes24,Basalt_Ardia13,Basalt_Hughes24,Ar_Basalt_HughesIP,Basalt,MORB_HughesIP,ONeill21hyd,Zajacz19_pss,False,no,False,False,Shi92,Shi92_Hughes23,Shi92_Hughes24,Shaw64,Shi92,Shi92,Shi92,Shi92,Holland91,Shi92,ideal,Ohmoto97,Ohmoto97,Ohmoto97,ONeill22,Ohmoto97,Ohmoto97,Moussallam19,Holloway92,COS,DensityX,2025-09-09 16:23:10.065689
Ala02-4,1108.0224007900206,3.8735639054534414,361.68280144925,1004.64,0.0,700.7380424138177,possible,1977.9995419218203,1.150378127831793,7.456645528534756e-09,0.2219357849495058,0.30249836517178524,5589.440871965299,False,,,,,,False,yes_H2_CO_CH4_melt,True,Ar,none,Kress91A,Frost91,Frost91,MORB_Dixon95,Basalt_Hughes24,Basalt_Hughes24,ONeill21dil,ONeill22dil,Basalt_Hughes24,Basalt_Ardia13,Basalt_Hughes24,Ar_Basalt_HughesIP,Basalt,MORB_HughesIP,ONeill21hyd,Zajacz19_pss,False,no,False,False,Shi92,Shi92_Hughes23,Shi92_Hughes24,Shaw64,Shi92,Shi92,Shi92,Shi92,Holland91,Shi92,ideal,Ohmoto97,Ohmoto97,Ohmoto97,ONeill22,Ohmoto97,Ohmoto97,Moussallam19,Holloway92,COS,DensityX,2025-09-09 16:23:11.209590
Ala02-5,1121.26092931605,4.108807834818527,804.6408257192988,1377.57,0.0,848.6214553401866,possible,2857.4906352136154,1.049935479871582,1.0291873451137976e-08,0.23686345681817675,0.3839721717660905,6888.375973488875,False,,,,,,False,yes_H2_CO_CH4_melt,True,Ar,none,Kress91A,Frost91,Frost91,MORB_Dixon95,Basalt_Hughes24,Basalt_Hughes24,ONeill21dil,ONeill22dil,Basalt_Hughes24,Basalt_Ardia13,Basalt_Hughes24,Ar_Basalt_HughesIP,Basalt,MORB_HughesIP,ONeill21hyd,Zajacz19_pss,False,no,False,False,Shi92,Shi92_Hughes23,Shi92_Hughes24,Shaw64,Shi92,Shi92,Shi92,Shi92,Holland91,Shi92,ideal,Ohmoto97,Ohmoto97,Ohmoto97,ONeill22,Ohmoto97,Ohmoto97,Moussallam19,Holloway92,COS,DensityX,2025-09-09 16:23:12.851965
Ala02-7,1122.9210601756067,3.4345532577997084,338.5979287152837,1167.55,0.0,782.4783325075704,possible,1723.0022890266766,1.091498959584369,9.678380566154264e-09,0.22386973192534645,0.3298117146952419,5835.107172571791,False,,,,,,False,yes_H2_CO_CH4_melt,True,Ar,none,Kress91A,Frost91,Frost91,MORB_Dixon95,Basalt_Hughes24,Basalt_Hughes24,ONeill21dil,ONeill22dil,Basalt_Hughes24,Basalt_Ardia13,Basalt_Hughes24,Ar_Basalt_HughesIP,Basalt,MORB_HughesIP,ONeill21hyd,Zajacz19_pss,False,no,False,False,Shi92,Shi92_Hughes23,Shi92_Hughes24,Shaw64,Shi92,Shi92,Shi92,Shi92,Holland91,Shi92,ideal,Ohmoto97,Ohmoto97,Ohmoto97,ONeill22,Ohmoto97,Ohmoto97,Moussallam19,Holloway92,COS,DensityX,2025-09-09 16:23:14.069281
Ala02-8,1124.1939753194806,3.6126157838969606,294.7411263392256,1225.04,0.0,834.1911349168105,possible,1747.9984665955064,1.0710719991144835,9.629317236901392e-09,0.22637721998075125,0.31904988007182583,6421.050534954421,False,,,,,,False,yes_H2_CO_CH4_melt,True,Ar,none,Kress91A,Frost91,Frost91,MORB_Dixon95,Basalt_Hughes24,Basalt_Hughes24,ONeill21dil,ONeill22dil,Basalt_Hughes24,Basalt_Ardia13,Basalt_Hughes24,Ar_Basalt_HughesIP,Basalt,MORB_HughesIP,ONeill21hyd,Zajacz19_pss,False,no,False,False,Shi92,Shi92_Hughes23,Shi92_Hughes24,Shaw64,Shi92,Shi92,Shi92,Shi92,Holland91,Shi92,ideal,Ohmoto97,Ohmoto97,Ohmoto97,ONeill22,Ohmoto97,Ohmoto97,Moussallam19,Holloway92,COS,DensityX,2025-09-09 16:23:15.332140
Ala02-9,1127.9520683715577,3.3044817746228974,545.4718459830684,941.4,0.0,852.4957270972586,possible,1991.6005936912838,0.7144066165291125,4.941506793423096e-09,0.19216226755254776,0.09443836084846124,6337.932590840985,False,,,,,,False,yes_H2_CO_CH4_melt,True,Ar,none,Kress91A,Frost91,Frost91,MORB_Dixon95,Basalt_Hughes24,Basalt_Hughes24,ONeill21dil,ONeill22dil,Basalt_Hughes24,Basalt_Ardia13,Basalt_Hughes24,Ar_Basalt_HughesIP,Basalt,MORB_HughesIP,ONeill21hyd,Zajacz19_pss,False,no,False,False,Shi92,Shi92_Hughes23,Shi92_Hughes24,Shaw64,Shi92,Shi92,Shi92,Shi92,Holland91,Shi92,ideal,Ohmoto97,Ohmoto97,Ohmoto97,ONeill22,Ohmoto97,Ohmoto97,Moussallam19,Holloway92,COS,DensityX,2025-09-09 16:23:16.552435
Ala02-11,1106.8556954770993,3.4448982683497587,998.0126909943515,1275.66,0.0,814.926428212895,possible,2810.524355788281,1.0528026362329896,6.70038446296347e-09,0.22132655359363523,0.361172704158714,5873.114696901238,False,,,,,,False,yes_H2_CO_CH4_melt,True,Ar,none,Kress91A,Frost91,Frost91,MORB_Dixon95,Basalt_Hughes24,Basalt_Hughes24,ONeill21dil,ONeill22dil,Basalt_Hughes24,Basalt_Ardia13,Basalt_Hughes24,Ar_Basalt_HughesIP,Basalt,MORB_HughesIP,ONeill21hyd,Zajacz19_pss,False,no,False,False,Shi92,Shi92_Hughes23,Shi92_Hughes24,Shaw64,Shi92,Shi92,Shi92,Shi92,Holland91,Shi92,ideal,Ohmoto97,Ohmoto97,Ohmoto97,ONeill22,Ohmoto97,Ohmoto97,Moussallam19,Holloway92,COS,DensityX,2025-09-09 16:23:17.803659
Ala02-12,1120.055714232326,4.118798901688724,728.9940035168712,1313.23,0.0,825.4781931487344,possible,2736.867861517234,1.0583647464917583,9.90890453562126e-09,0.23660727300432924,0.37141384742296907,6799.758834735193,False,,,,,,False,yes_H2_CO_CH4_melt,True,Ar,none,Kress91A,Frost91,Frost91,MORB_Dixon95,Basalt_Hughes24,Basalt_Hughes24,ONeill21dil,ONeill22dil,Basalt_Hughes24,Basalt_Ardia13,Basalt_Hughes24,Ar_Basalt_HughesIP,Basalt,MORB_HughesIP,ONeill21hyd,Zajacz19_pss,False,no,False,False,Shi92,Shi92_Hughes23,Shi92_Hughes24,Shaw64,Shi92,Shi92,Shi92,Shi92,Holland91,Shi92,ideal,Ohmoto97,Ohmoto97,Ohmoto97,ONeill22,Ohmoto97,Ohmoto97,Moussallam19,Holloway92,COS,DensityX,2025-09-09 16:23:19.081734
Ala02-15,1130.9676580522419,4.284922722121011,522.7841252317797,1509.53,0.0,927.402512369188,possible,2524.7957862320313,1.0702600001867602,1.3477737489517983e-08,0.2499530808131038,0.38563492453333953,7264.016646439353,False,,,,,,False,yes_H2_CO_CH4_melt,True,Ar,none,Kress91A,Frost91,Frost91,MORB_Dixon95,Basalt_Hughes24,Basalt_Hughes24,ONeill21dil,ONeill22dil,Basalt_Hughes24,Basalt_Ardia13,Basalt_Hughes24,Ar_Basalt_HughesIP,Basalt,MORB_HughesIP,ONeill21hyd,Zajacz19_pss,False,no,False,False,Shi92,Shi92_Hughes23,Shi92_Hughes24,Shaw64,Shi92,Shi92,Shi92,Shi92,Holland91,Shi92,ideal,Ohmoto97,Ohmoto97,Ohmoto97,ONeill22,Ohmoto97,Ohmoto97,Moussallam19,Holloway92,COS,DensityX,2025-09-09 16:23:20.870711
Ala02-16A,1111.076034742146,4.291114407062978,995.6336469130257,1544.07,0.0,783.9468092619185,possible,3250.887809840145,1.194190964920569,1.1408942756898917e-08,0.23189331415480835,0.4922854473813244,6599.044207160666,False,,,,,,False,yes_H2_CO_CH4_melt,True,Ar,none,Kress91A,Frost91,Frost91,MORB_Dixon95,Basalt_Hughes24,Basalt_Hughes24,ONeill21dil,ONeill22dil,Basalt_Hughes24,Basalt_Ardia13,Basalt_Hughes24,Ar_Basalt_HughesIP,Basalt,MORB_HughesIP,ONeill21hyd,Zajacz19_pss,False,no,False,False,Shi92,Shi92_Hughes23,Shi92_Hughes24,Shaw64,Shi92,Shi92,Shi92,Shi92,Holland91,Shi92,ideal,Ohmoto97,Ohmoto97,Ohmoto97,ONeill22,Ohmoto97,Ohmoto97,Moussallam19,Holloway92,COS,DensityX,2025-09-09 16:23:22.261785
Ala03-1,1119.4021071930028,2.370558970080901,672.8616567038862,1143.63,0.0,904.2101632459094,possible,1840.4699616038029,0.7491185153276927,4.051521176281866e-09,0.21110665431748032,0.20935078369235743,6068.356279170156,False,,,,,,False,yes_H2_CO_CH4_melt,True,Ar,none,Kress91A,Frost91,Frost91,MORB_Dixon95,Basalt_Hughes24,Basalt_Hughes24,ONeill21dil,ONeill22dil,Basalt_Hughes24,Basalt_Ardia13,Basalt_Hughes24,Ar_Basalt_HughesIP,Basalt,MORB_HughesIP,ONeill21hyd,Zajacz19_pss,False,no,False,False,Shi92,Shi92_Hughes23,Shi92_Hughes24,Shaw64,Shi92,Shi92,Shi92,Shi92,Holland91,Shi92,ideal,Ohmoto97,Ohmoto97,Ohmoto97,ONeill22,Ohmoto97,Ohmoto97,Moussallam19,Holloway92,COS,DensityX,2025-09-09 16:23:23.553919
Sari15-04-3,1133.2553105786124,2.835225669929751,232.69588384479178,1324.57,0.0,1070.6174448894305,possible,1240.6057491468853,0.8796810499229224,7.3679735580093285e-09,0.2221936232050848,0.19172452577860702,6587.337248102702,False,,,,,,False,yes_H2_CO_CH4_melt,True,Ar,none,Kress91A,Frost91,Frost91,MORB_Dixon95,Basalt_Hughes24,Basalt_Hughes24,ONeill21dil,ONeill22dil,Basalt_Hughes24,Basalt_Ardia13,Basalt_Hughes24,Ar_Basalt_HughesIP,Basalt,MORB_HughesIP,ONeill21hyd,Zajacz19_pss,False,no,False,False,Shi92,Shi92_Hughes23,Shi92_Hughes24,Shaw64,Shi92,Shi92,Shi92,Shi92,Holland91,Shi92,ideal,Ohmoto97,Ohmoto97,Ohmoto97,ONeill22,Ohmoto97,Ohmoto97,Moussallam19,Holloway92,COS,DensityX,2025-09-09 16:23:24.703911
Sari15-04-7,1111.8253157563668,4.7863055971204815,960.517947140654,1375.11,0.0,823.0330736089871,possible,3441.348890318555,1.1221371010200825,1.0232635943340225e-08,0.24472501114742176,0.40147837365084454,6760.343851396423,False,,,,,,False,yes_H2_CO_CH4_melt,True,Ar,none,Kress91A,Frost91,Frost91,MORB_Dixon95,Basalt_Hughes24,Basalt_Hughes24,ONeill21dil,ONeill22dil,Basalt_Hughes24,Basalt_Ardia13,Basalt_Hughes24,Ar_Basalt_HughesIP,Basalt,MORB_HughesIP,ONeill21hyd,Zajacz19_pss,False,no,False,False,Shi92,Shi92_Hughes23,Shi92_Hughes24,Shaw64,Shi92,Shi92,Shi92,Shi92,Holland91,Shi92,ideal,Ohmoto97,Ohmoto97,Ohmoto97,ONeill22,Ohmoto97,Ohmoto97,Moussallam19,Holloway92,COS,DensityX,2025-09-09 16:23:26.483133
Sari15-04-10,1117.2769704722377,3.631380623016561,281.78323388935445,1238.89,0.0,912.4359455902724,possible,1733.9770736958237,1.0456445167244208,7.3857849781476626e-09,0.22993748419941823,0.2635052784425798,6304.684813174595,False,,,,,,False,yes_H2_CO_CH4_melt,True,Ar,none,Kress91A,Frost91,Frost91,MORB_Dixon95,Basalt_Hughes24,Basalt_Hughes24,ONeill21dil,ONeill22dil,Basalt_Hughes24,Basalt_Ardia13,Basalt_Hughes24,Ar_Basalt_HughesIP,Basalt,MORB_HughesIP,ONeill21hyd,Zajacz19_pss,False,no,False,False,Shi92,Shi92_Hughes23,Shi92_Hughes24,Shaw64,Shi92,Shi92,Shi92,Shi92,Holland91,Shi92,ideal,Ohmoto97,Ohmoto97,Ohmoto97,ONeill22,Ohmoto97,Ohmoto97,Moussallam19,Holloway92,COS,DensityX,2025-09-09 16:23:27.557629
Sari15-04-11,1108.3308431739533,3.8909134441553044,552.0462870033399,1416.81,0.0,830.6463104512866,possible,2343.395839012462,1.1719448902161158,8.457198933503493e-09,0.24354128190283583,0.4137207455824799,5994.152737058877,False,,,,,,False,yes_H2_CO_CH4_melt,True,Ar,none,Kress91A,Frost91,Frost91,MORB_Dixon95,Basalt_Hughes24,Basalt_Hughes24,ONeill21dil,ONeill22dil,Basalt_Hughes24,Basalt_Ardia13,Basalt_Hughes24,Ar_Basalt_HughesIP,Basalt,MORB_HughesIP,ONeill21hyd,Zajacz19_pss,False,no,False,False,Shi92,Shi92_Hughes23,Shi92_Hughes24,Shaw64,Shi92,Shi92,Shi92,Shi92,Holland91,Shi92,ideal,Ohmoto97,Ohmoto97,Ohmoto97,ONeill22,Ohmoto97,Ohmoto97,Moussallam19,Holloway92,COS,DensityX,2025-09-09 16:23:28.936096
Sari15-04-13,1105.7629837434538,3.811735307045492,369.6533393736553,1326.97,0.0,853.3241228009302,possible,1996.9660708007646,1.1539890271902724,7.049405527550753e-09,0.23897345007286364,0.3569378939984097,6001.246821461585,False,,,,,,False,yes_H2_CO_CH4_melt,True,Ar,none,Kress91A,Frost91,Frost91,MORB_Dixon95,Basalt_Hughes24,Basalt_Hughes24,ONeill21dil,ONeill22dil,Basalt_Hughes24,Basalt_Ardia13,Basalt_Hughes24,Ar_Basalt_HughesIP,Basalt,MORB_HughesIP,ONeill21hyd,Zajacz19_pss,False,no,False,False,Shi92,Shi92_Hughes23,Shi92_Hughes24,Shaw64,Shi92,Shi92,Shi92,Shi92,Holland91,Shi92,ideal,Ohmoto97,Ohmoto97,Ohmoto97,ONeill22,Ohmoto97,Ohmoto97,Moussallam19,Holloway92,COS,DensityX,2025-09-09 16:23:29.898931
Sari15-04-15,1110.799614621254,3.383030761947497,503.9179971105057,1373.29,0.0,922.9495058974989,possible,1999.9850641231742,1.0611603951111235,6.625522559716016e-09,0.23734510164827624,0.32792818276001506,6007.817699459121,False,,,,,,False,yes_H2_CO_CH4_melt,True,Ar,none,Kress91A,Frost91,Frost91,MORB_Dixon95,Basalt_Hughes24,Basalt_Hughes24,ONeill21dil,ONeill22dil,Basalt_Hughes24,Basalt_Ardia13,Basalt_Hughes24,Ar_Basalt_HughesIP,Basalt,MORB_HughesIP,ONeill21hyd,Zajacz19_pss,False,no,False,False,Shi92,Shi92_Hughes23,Shi92_Hughes24,Shaw64,Shi92,Shi92,Shi92,Shi92,Holland91,Shi92,ideal,Ohmoto97,Ohmoto97,Ohmoto97,ONeill22,Ohmoto97,Ohmoto97,Moussallam19,Holloway92,COS,DensityX,2025-09-09 16:23:31.021322
Sari15-04-17,1120.373882300849,2.8662875116083524,66.66556748320994,1206.48,0.0,961.4234320100292,possible,925.0668048935329,0.9512124163541991,5.622369957438068e-09,0.22447093478678148,0.20311697499334494,6034.681983257536,False,,,,,,False,yes_H2_CO_CH4_melt,True,Ar,none,Kress91A,Frost91,Frost91,MORB_Dixon95,Basalt_Hughes24,Basalt_Hughes24,ONeill21dil,ONeill22dil,Basalt_Hughes24,Basalt_Ardia13,Basalt_Hughes24,Ar_Basalt_HughesIP,Basalt,MORB_HughesIP,ONeill21hyd,Zajacz19_pss,False,no,False,False,Shi92,Shi92_Hughes23,Shi92_Hughes24,Shaw64,Shi92,Shi92,Shi92,Shi92,Holland91,Shi92,ideal,Ohmoto97,Ohmoto97,Ohmoto97,ONeill22,Ohmoto97,Ohmoto97,Moussallam19,Holloway92,COS,DensityX,2025-09-09 16:23:31.787117
Sari15-04-18,1134.3156475451729,3.1816876428682006,59.68136506893064,1252.13,0.0,1006.0729083030952,possible,1070.4766953502597,0.9238451915829842,8.158044343434953e-09,0.22748443891000447,0.19651081892208067,6690.059365478837,False,,,,,,False,yes_H2_CO_CH4_melt,True,Ar,none,Kress91A,Frost91,Frost91,MORB_Dixon95,Basalt_Hughes24,Basalt_Hughes24,ONeill21dil,ONeill22dil,Basalt_Hughes24,Basalt_Ardia13,Basalt_Hughes24,Ar_Basalt_HughesIP,Basalt,MORB_HughesIP,ONeill21hyd,Zajacz19_pss,False,no,False,False,Shi92,Shi92_Hughes23,Shi92_Hughes24,Shaw64,Shi92,Shi92,Shi92,Shi92,Holland91,Shi92,ideal,Ohmoto97,Ohmoto97,Ohmoto97,ONeill22,Ohmoto97,Ohmoto97,Moussallam19,Holloway92,COS,DensityX,2025-09-09 16:23:32.653740
Sari15-04-21,1120.1244465700756,2.598612555706324,108.49778013412663,1386.46,0.0,1015.0939041230747,possible,911.0535688935385,1.0234744409987417,6.574518968161038e-09,0.23112423642533106,0.26785200862406794,5863.658925641129,False,,,,,,False,yes_H2_CO_CH4_melt,True,Ar,none,Kress91A,Frost91,Frost91,MORB_Dixon95,Basalt_Hughes24,Basalt_Hughes24,ONeill21dil,ONeill22dil,Basalt_Hughes24,Basalt_Ardia13,Basalt_Hughes24,Ar_Basalt_HughesIP,Basalt,MORB_HughesIP,ONeill21hyd,Zajacz19_pss,False,no,False,False,Shi92,Shi92_Hughes23,Shi92_Hughes24,Shaw64,Shi92,Shi92,Shi92,Shi92,Holland91,Shi92,ideal,Ohmoto97,Ohmoto97,Ohmoto97,ONeill22,Ohmoto97,Ohmoto97,Moussallam19,Holloway92,COS,DensityX,2025-09-09 16:23:33.456710
Sari15-04-22,1118.2339217012814,3.005091773725006,96.57913391350034,1386.63,0.0,975.6690432834677,possible,1076.8508866012644,1.0641317382454947,7.03480897168893e-09,0.23727731530206586,0.29637391136534785,6052.967086372338,False,,,,,,False,yes_H2_CO_CH4_melt,True,Ar,none,Kress91A,Frost91,Frost91,MORB_Dixon95,Basalt_Hughes24,Basalt_Hughes24,ONeill21dil,ONeill22dil,Basalt_Hughes24,Basalt_Ardia13,Basalt_Hughes24,Ar_Basalt_HughesIP,Basalt,MORB_HughesIP,ONeill21hyd,Zajacz19_pss,False,no,False,False,Shi92,Shi92_Hughes23,Shi92_Hughes24,Shaw64,Shi92,Shi92,Shi92,Shi92,Holland91,Shi92,ideal,Ohmoto97,Ohmoto97,Ohmoto97,ONeill22,Ohmoto97,Ohmoto97,Moussallam19,Holloway92,COS,DensityX,2025-09-09 16:23:34.289261
Sari15-04-23,1118.2110714306446,2.7066826021869472,110.44538018215091,1289.52,0.0,1022.2423124318302,possible,944.0105046916455,0.9456934532837131,5.224165613781589e-09,0.22850587098608824,0.2072691292637336,6112.840843913206,False,,,,,,False,yes_H2_CO_CH4_melt,True,Ar,none,Kress91A,Frost91,Frost91,MORB_Dixon95,Basalt_Hughes24,Basalt_Hughes24,ONeill21dil,ONeill22dil,Basalt_Hughes24,Basalt_Ardia13,Basalt_Hughes24,Ar_Basalt_HughesIP,Basalt,MORB_HughesIP,ONeill21hyd,Zajacz19_pss,False,no,False,False,Shi92,Shi92_Hughes23,Shi92_Hughes24,Shaw64,Shi92,Shi92,Shi92,Shi92,Holland91,Shi92,ideal,Ohmoto97,Ohmoto97,Ohmoto97,ONeill22,Ohmoto97,Ohmoto97,Moussallam19,Holloway92,COS,DensityX,2025-09-09 16:23:35.135222
Sari15-04-24,1126.0803468147783,3.829394928684443,861.9453235599856,1240.03,0.0,886.1925507582527,possible,2785.5240321569895,0.959793722493588,9.504062522078632e-09,0.2247485929974829,0.2853458781172612,6683.8788197735075,False,,,,,,False,yes_H2_CO_CH4_melt,True,Ar,none,Kress91A,Frost91,Frost91,MORB_Dixon95,Basalt_Hughes24,Basalt_Hughes24,ONeill21dil,ONeill22dil,Basalt_Hughes24,Basalt_Ardia13,Basalt_Hughes24,Ar_Basalt_HughesIP,Basalt,MORB_HughesIP,ONeill21hyd,Zajacz19_pss,False,no,False,False,Shi92,Shi92_Hughes23,Shi92_Hughes24,Shaw64,Shi92,Shi92,Shi92,Shi92,Holland91,Shi92,ideal,Ohmoto97,Ohmoto97,Ohmoto97,ONeill22,Ohmoto97,Ohmoto97,Moussallam19,Holloway92,COS,DensityX,2025-09-09 16:23:36.519003
Sari15-04-25,1115.9031629176939,3.2439829279108747,388.2999222401394,1288.1,0.0,927.7247077259113,possible,1725.3199465886382,1.0322630788576284,6.864580580600816e-09,0.22847753614942665,0.2797727600916766,6073.258642306952,False,,,,,,False,yes_H2_CO_CH4_melt,True,Ar,none,Kress91A,Frost91,Frost91,MORB_Dixon95,Basalt_Hughes24,Basalt_Hughes24,ONeill21dil,ONeill22dil,Basalt_Hughes24,Basalt_Ardia13,Basalt_Hughes24,Ar_Basalt_HughesIP,Basalt,MORB_HughesIP,ONeill21hyd,Zajacz19_pss,False,no,False,False,Shi92,Shi92_Hughes23,Shi92_Hughes24,Shaw64,Shi92,Shi92,Shi92,Shi92,Holland91,Shi92,ideal,Ohmoto97,Ohmoto97,Ohmoto97,ONeill22,Ohmoto97,Ohmoto97,Moussallam19,Holloway92,COS,DensityX,2025-09-09 16:23:37.869366
Sari15-04-27,1134.9001179782858,4.027406835643592,241.02115285924006,1493.19,0.0,918.2941850745061,possible,1910.9116404999613,1.1342344002033267,1.5667462349990297e-08,0.24195581748010705,0.3850118303266791,7008.539572379624,False,,,,,,False,yes_H2_CO_CH4_melt,True,Ar,none,Kress91A,Frost91,Frost91,MORB_Dixon95,Basalt_Hughes24,Basalt_Hughes24,ONeill21dil,ONeill22dil,Basalt_Hughes24,Basalt_Ardia13,Basalt_Hughes24,Ar_Basalt_HughesIP,Basalt,MORB_HughesIP,ONeill21hyd,Zajacz19_pss,False,no,False,False,Shi92,Shi92_Hughes23,Shi92_Hughes24,Shaw64,Shi92,Shi92,Shi92,Shi92,Holland91,Shi92,ideal,Ohmoto97,Ohmoto97,Ohmoto97,ONeill22,Ohmoto97,Ohmoto97,Moussallam19,Holloway92,COS,DensityX,2025-09-09 16:23:38.991010
Sari15-04-29,1125.8912291561965,4.147078341902947,724.0208121536994,1478.84,0.0,898.5639859361886,possible,2755.7857538059557,1.0752746866654501,1.2264706506803908e-08,0.24231882685656062,0.39238593361270413,6886.8819431242255,False,,,,,,False,yes_H2_CO_CH4_melt,True,Ar,none,Kress91A,Frost91,Frost91,MORB_Dixon95,Basalt_Hughes24,Basalt_Hughes24,ONeill21dil,ONeill22dil,Basalt_Hughes24,Basalt_Ardia13,Basalt_Hughes24,Ar_Basalt_HughesIP,Basalt,MORB_HughesIP,ONeill21hyd,Zajacz19_pss,False,no,False,False,Shi92,Shi92_Hughes23,Shi92_Hughes24,Shaw64,Shi92,Shi92,Shi92,Shi92,Holland91,Shi92,ideal,Ohmoto97,Ohmoto97,Ohmoto97,ONeill22,Ohmoto97,Ohmoto97,Moussallam19,Holloway92,COS,DensityX,2025-09-09 16:23:40.697230
Sari15-04-30,1133.499908656317,4.275675688504213,396.3331907454471,1450.67,0.0,924.3829980393333,possible,2311.409439312866,1.0886254591907392,1.455845635581797e-08,0.24362917364043316,0.3627889195755525,7188.791016782554,False,,,,,,False,yes_H2_CO_CH4_melt,True,Ar,none,Kress91A,Frost91,Frost91,MORB_Dixon95,Basalt_Hughes24,Basalt_Hughes24,ONeill21dil,ONeill22dil,Basalt_Hughes24,Basalt_Ardia13,Basalt_Hughes24,Ar_Basalt_HughesIP,Basalt,MORB_HughesIP,ONeill21hyd,Zajacz19_pss,False,no,False,False,Shi92,Shi92_Hughes23,Shi92_Hughes24,Shaw64,Shi92,Shi92,Shi92,Shi92,Holland91,Shi92,ideal,Ohmoto97,Ohmoto97,Ohmoto97,ONeill22,Ohmoto97,Ohmoto97,Moussallam19,Holloway92,COS,DensityX,2025-09-09 16:23:41.918815
Sari15-04-31A,1129.6138766219879,3.798829299879002,627.2920025061642,1484.12,0.0,937.2562667932239,possible,2427.421618559699,1.0565320675110357,1.2336582629318076e-08,0.23615056526175462,0.368476762800027,6911.112954714766,False,,,,,,False,yes_H2_CO_CH4_melt,True,Ar,none,Kress91A,Frost91,Frost91,MORB_Dixon95,Basalt_Hughes24,Basalt_Hughes24,ONeill21dil,ONeill22dil,Basalt_Hughes24,Basalt_Ardia13,Basalt_Hughes24,Ar_Basalt_HughesIP,Basalt,MORB_HughesIP,ONeill21hyd,Zajacz19_pss,False,no,False,False,Shi92,Shi92_Hughes23,Shi92_Hughes24,Shaw64,Shi92,Shi92,Shi92,Shi92,Holland91,Shi92,ideal,Ohmoto97,Ohmoto97,Ohmoto97,ONeill22,Ohmoto97,Ohmoto97,Moussallam19,Holloway92,COS,DensityX,2025-09-09 16:23:43.357688
Sari15-04-33,1099.0448068397163,4.1436710274714015,1482.0842639337989,1343.58,0.0,711.9591709705744,possible,3792.200608117773,1.1540293105301185,8.012690635373771e-09,0.2314898687953208,0.47010288113058074,5478.376547276891,False,,,,,,False,yes_H2_CO_CH4_melt,True,Ar,none,Kress91A,Frost91,Frost91,MORB_Dixon95,Basalt_Hughes24,Basalt_Hughes24,ONeill21dil,ONeill22dil,Basalt_Hughes24,Basalt_Ardia13,Basalt_Hughes24,Ar_Basalt_HughesIP,Basalt,MORB_HughesIP,ONeill21hyd,Zajacz19_pss,False,no,False,False,Shi92,Shi92_Hughes23,Shi92_Hughes24,Shaw64,Shi92,Shi92,Shi92,Shi92,Holland91,Shi92,ideal,Ohmoto97,Ohmoto97,Ohmoto97,ONeill22,Ohmoto97,Ohmoto97,Moussallam19,Holloway92,COS,DensityX,2025-09-09 16:23:45.592046
Sari15-04-34,1131.5395630317348,3.7987679910307888,1104.202971144583,1614.12,0.0,938.0075159666756,possible,3163.9407192383405,1.0352073328642506,1.4184422497323742e-08,0.23299916280910843,0.418873741749885,6991.473546421159,False,,,,,,False,yes_H2_CO_CH4_melt,True,Ar,none,Kress91A,Frost91,Frost91,MORB_Dixon95,Basalt_Hughes24,Basalt_Hughes24,ONeill21dil,ONeill22dil,Basalt_Hughes24,Basalt_Ardia13,Basalt_Hughes24,Ar_Basalt_HughesIP,Basalt,MORB_HughesIP,ONeill21hyd,Zajacz19_pss,False,no,False,False,Shi92,Shi92_Hughes23,Shi92_Hughes24,Shaw64,Shi92,Shi92,Shi92,Shi92,Holland91,Shi92,ideal,Ohmoto97,Ohmoto97,Ohmoto97,ONeill22,Ohmoto97,Ohmoto97,Moussallam19,Holloway92,COS,DensityX,2025-09-09 16:23:47.245101
Sari15-04-36,1105.6073717806016,3.762284065481795,263.1364004203029,1456.54,0.0,832.2797916192926,possible,1799.2217619031785,1.2481351376543302,8.403999388790611e-09,0.2442329625400743,0.42859118759574566,5815.126064376549,False,,,,,,False,yes_H2_CO_CH4_melt,True,Ar,none,Kress91A,Frost91,Frost91,MORB_Dixon95,Basalt_Hughes24,Basalt_Hughes24,ONeill21dil,ONeill22dil,Basalt_Hughes24,Basalt_Ardia13,Basalt_Hughes24,Ar_Basalt_HughesIP,Basalt,MORB_HughesIP,ONeill21hyd,Zajacz19_pss,False,no,False,False,Shi92,Shi92_Hughes23,Shi92_Hughes24,Shaw64,Shi92,Shi92,Shi92,Shi92,Holland91,Shi92,ideal,Ohmoto97,Ohmoto97,Ohmoto97,ONeill22,Ohmoto97,Ohmoto97,Moussallam19,Holloway92,COS,DensityX,2025-09-09 16:23:48.485669
